___,Nickel Chloride,Sodium Nitrate,Aluminium Nitrate
Minimum Temperature,20.35,19.35,18.05
Maximum Temperature,20.7,20.15,18.4
Change in Temperature,0.34999999999999787,0.7999999999999989,0.34999999999999964
Enthalpy,226.51450639999865,503.3238027999993,165.38320889999994
